{
  "0": {
    "cooldown_until": 1782304644.9541063,
    "failures": 4
  },
  "1": {
    "cooldown_until": 1782286657.2989478,
    "failures": 4
  },
  "2": {
    "cooldown_until": 1782304705.0880516,
    "failures": 4
  },
  "3": {
    "cooldown_until": 1782286738.5044844,
    "failures": 4
  },
  "4": {
    "cooldown_until": 1782304757.6617131,
    "failures": 4
  },
  "5": {
    "cooldown_until": 1782304873.999845,
    "failures": 4
  },
  "6": {
    "cooldown_until": 1782368231.0206072,
    "failures": 4
  },
  "7": {
    "cooldown_until": 1782281897.7497919,
    "failures": 0
  },
  "8": {
    "cooldown_until": 1782281858.8953578,
    "failures": 0
  },
  "9": {
    "cooldown_until": 1782368255.104328,
    "failures": 4
  },
  "10": {
    "cooldown_until": 0.0,
    "failures": 0
  },
  "11": {
    "cooldown_until": 0.0,
    "failures": 0
  },
  "12": {
    "cooldown_until": 0.0,
    "failures": 0
  },
  "13": {
    "cooldown_until": 0.0,
    "failures": 0
  },
  "14": {
    "cooldown_until": 0.0,
    "failures": 0
  }
}