{
  "0": {
    "cooldown_until": 1782203689.6351542,
    "failures": 4
  },
  "1": {
    "cooldown_until": 1782203771.6883798,
    "failures": 4
  },
  "2": {
    "cooldown_until": 1782203827.994966,
    "failures": 4
  },
  "3": {
    "cooldown_until": 1782203885.8396354,
    "failures": 4
  },
  "4": {
    "cooldown_until": 1782203985.0190961,
    "failures": 4
  },
  "5": {
    "cooldown_until": 1782204180.0352123,
    "failures": 4
  },
  "6": {
    "cooldown_until": 1782204232.0860033,
    "failures": 4
  },
  "7": {
    "cooldown_until": 1782132125.5458155,
    "failures": 4
  },
  "8": {
    "cooldown_until": 0.0,
    "failures": 0
  },
  "9": {
    "cooldown_until": 0.0,
    "failures": 0
  },
  "10": {
    "cooldown_until": 0.0,
    "failures": 0
  },
  "11": {
    "cooldown_until": 0.0,
    "failures": 0
  },
  "12": {
    "cooldown_until": 0.0,
    "failures": 0
  },
  "13": {
    "cooldown_until": 0.0,
    "failures": 0
  },
  "14": {
    "cooldown_until": 0.0,
    "failures": 0
  }
}