{
  "0": {
    "cooldown_until": 1782307470.060271,
    "failures": 0
  },
  "1": {
    "cooldown_until": 1782307483.079255,
    "failures": 1
  },
  "2": {
    "cooldown_until": 1782307494.8336444,
    "failures": 1
  },
  "3": {
    "cooldown_until": 1782307527.722514,
    "failures": 0
  },
  "4": {
    "cooldown_until": 1782393947.096117,
    "failures": 4
  },
  "5": {
    "cooldown_until": 1782394008.8181384,
    "failures": 4
  },
  "6": {
    "cooldown_until": 1782368231.0206072,
    "failures": 4
  },
  "7": {
    "cooldown_until": 1782307675.4730616,
    "failures": 0
  },
  "8": {
    "cooldown_until": 1782307640.349512,
    "failures": 0
  },
  "9": {
    "cooldown_until": 1782368255.104328,
    "failures": 4
  },
  "10": {
    "cooldown_until": 1782307656.8829708,
    "failures": 0
  },
  "11": {
    "cooldown_until": 1782307686.5621588,
    "failures": 0
  },
  "12": {
    "cooldown_until": 1782307713.8708284,
    "failures": 0
  },
  "13": {
    "cooldown_until": 1782307725.0426602,
    "failures": 0
  },
  "14": {
    "cooldown_until": 1782307995.3110256,
    "failures": 0
  }
}